target,file,file_name,rows,archives,instruments,bjd_min,bjd_max,rv_min,rv_max,has_activity,relative_file
HD 20794,/content/drive/MyDrive/Jana_RV_Archive_1GB/merged_rv_archive/per_target/HD_20794_RV.csv,HD_20794_RV.csv,9021,DACE_PUBLIC,DACE,2444629.518,2460029.49038716,-119551.677021213,99552.527061808,False,data/HD_20794_RV.csv
HD 219134,/content/drive/MyDrive/Jana_RV_Archive_1GB/merged_rv_archive/per_target/HD_219134_RV.csv,HD_219134_RV.csv,3992,DACE_PUBLIC,DACE,2448906.7182,2458879.70327,-18442.6119392684,323.120005989484,False,data/HD_219134_RV.csv
55 Cnc,/content/drive/MyDrive/Jana_RV_Archive_1GB/merged_rv_archive/per_target/55_Cnc_RV.csv,55_Cnc_RV.csv,3918,DACE_PUBLIC,DACE,2447578.73,2459239.81402877,-159.35,28931.4028017868,False,data/55_Cnc_RV.csv
HD 160691,/content/drive/MyDrive/Jana_RV_Archive_1GB/merged_rv_archive/per_target/HD_160691_RV.csv,HD_160691_RV.csv,3322,DACE_PUBLIC,DACE,2447672.946,2457257.67794192,-56900.0,51500.0,False,data/HD_160691_RV.csv
61 Vir,/content/drive/MyDrive/Jana_RV_Archive_1GB/merged_rv_archive/per_target/61_Vir_RV.csv,61_Vir_RV.csv,3216,DACE_PUBLIC,DACE,2444655.009,2459433.45206215,-8460.0,125.6,False,data/61_Vir_RV.csv
HD 192310,/content/drive/MyDrive/Jana_RV_Archive_1GB/merged_rv_archive/per_target/HD_192310_RV.csv,HD_192310_RV.csv,2843,DACE_PUBLIC,DACE,2447376.81,2460134.58815534,-55060.0,10.6,False,data/HD_192310_RV.csv
HD 1461,/content/drive/MyDrive/Jana_RV_Archive_1GB/merged_rv_archive/per_target/HD_1461_RV.csv,HD_1461_RV.csv,2453,DACE_PUBLIC,DACE,2444465.606,2459444.74279542,-10380.0,21.32,False,data/HD_1461_RV.csv
HR 810,/content/drive/MyDrive/Jana_RV_Archive_1GB/merged_rv_archive/per_target/HR_810_RV.csv,HR_810_RV.csv,2348,DACE_PUBLIC,DACE,2446290.942,2459807.91439542,-82.4,17380.0,False,data/HR_810_RV.csv
HD 69830,/content/drive/MyDrive/Jana_RV_Archive_1GB/merged_rv_archive/per_target/HD_69830_RV.csv,HD_69830_RV.csv,2287,DACE_PUBLIC,DACE,2445711.54,2460033.48394905,-14.96,46351.464995121394,False,data/HD_69830_RV.csv
51 Peg,/content/drive/MyDrive/Jana_RV_Archive_1GB/merged_rv_archive/per_target/51_Peg_RV.csv,51_Peg_RV.csv,2205,DACE_PUBLIC,DACE,2449610.5268,2458852.68557,-33376.5,132.82,False,data/51_Peg_RV.csv
HD 7924,/content/drive/MyDrive/Jana_RV_Archive_1GB/merged_rv_archive/per_target/HD_7924_RV.csv,HD_7924_RV.csv,2197,DACE_PUBLIC,DACE,2452187.97,2458795.0161,-22689.1,16.14,False,data/HD_7924_RV.csv
HD 19994,/content/drive/MyDrive/Jana_RV_Archive_1GB/merged_rv_archive/per_target/HD_19994_RV.csv,HD_19994_RV.csv,2103,DACE_PUBLIC,DACE,2445610.593,2459944.58947202,-107.23,20240.0,False,data/HD_19994_RV.csv
HD 141004,/content/drive/MyDrive/Jana_RV_Archive_1GB/merged_rv_archive/per_target/HD_141004_RV.csv,HD_141004_RV.csv,2017,DACE_PUBLIC,DACE,2447047.6885,2458887.97392,-66431.7204229736,34.34,False,data/HD_141004_RV.csv
HD 190360,/content/drive/MyDrive/Jana_RV_Archive_1GB/merged_rv_archive/per_target/HD_190360_RV.csv,HD_190360_RV.csv,1968,DACE_PUBLIC,DACE,2449611.4278,2458955.89265,-45377.0,52.05,False,data/HD_190360_RV.csv
HD 40307,/content/drive/MyDrive/Jana_RV_Archive_1GB/merged_rv_archive/per_target/HD_40307_RV.csv,HD_40307_RV.csv,1804,DACE_PUBLIC,DACE,2447219.596,2458582.5450901,30640.0,31384.322458370298,False,data/HD_40307_RV.csv
HD 217107,/content/drive/MyDrive/Jana_RV_Archive_1GB/merged_rv_archive/per_target/HD_217107_RV.csv,HD_217107_RV.csv,1746,DACE_PUBLIC,DACE,2447039.517,2458852.68622,-14240.0,3961.0,False,data/HD_217107_RV.csv
47 UMa,/content/drive/MyDrive/Jana_RV_Archive_1GB/merged_rv_archive/per_target/47_UMa_RV.csv,47_UMa_RV.csv,1645,DACE_PUBLIC,DACE,2446959.737,2458916.89469,-72.44,11292.2,False,data/47_UMa_RV.csv
HD 38529,/content/drive/MyDrive/Jana_RV_Archive_1GB/merged_rv_archive/per_target/HD_38529_RV.csv,HD_38529_RV.csv,1603,DACE_PUBLIC,DACE,2450418.959,2458887.74955,-234.5,30568.9,False,data/HD_38529_RV.csv
HD 42618,/content/drive/MyDrive/Jana_RV_Archive_1GB/merged_rv_archive/per_target/HD_42618_RV.csv,HD_42618_RV.csv,1519,DACE_PUBLIC,DACE,2450366.12865,2458907.85848,-67697.8044586418,20.47,False,data/HD_42618_RV.csv
HD 46375,/content/drive/MyDrive/Jana_RV_Archive_1GB/merged_rv_archive/per_target/HD_46375_RV.csv,HD_46375_RV.csv,1465,DACE_PUBLIC,DACE,2451070.13667,2459944.74878847,-1116.23823044611,40.81,False,data/HD_46375_RV.csv
HD 3651,/content/drive/MyDrive/Jana_RV_Archive_1GB/merged_rv_archive/per_target/HD_3651_RV.csv,HD_3651_RV.csv,1442,DACE_PUBLIC,DACE,2447047.854,2458880.70048,-32863.1,29.5,False,data/HD_3651_RV.csv
16 Cyg B,/content/drive/MyDrive/Jana_RV_Archive_1GB/merged_rv_archive/per_target/16_Cyg_B_RV.csv,16_Cyg_B_RV.csv,1390,DACE_PUBLIC,DACE,2446957.926,2458917.16912,-53.4,83.23,False,data/16_Cyg_B_RV.csv
HD 39091,/content/drive/MyDrive/Jana_RV_Archive_1GB/merged_rv_archive/per_target/HD_39091_RV.csv,HD_39091_RV.csv,1326,DACE_PUBLIC,DACE,2447219.584,2459225.60456082,-203.6,13600.5940012996,False,data/HD_39091_RV.csv
GJ 581,/content/drive/MyDrive/Jana_RV_Archive_1GB/merged_rv_archive/per_target/GJ_581_RV.csv,GJ_581_RV.csv,1309,DACE_PUBLIC,DACE,2451409.76222,2459748.68620063,-9231.9,19.34,False,data/GJ_581_RV.csv
HD 156668,/content/drive/MyDrive/Jana_RV_Archive_1GB/merged_rv_archive/per_target/HD_156668_RV.csv,HD_156668_RV.csv,1300,DACE_PUBLIC,DACE,2452832.92339,2458969.9061,-44558.0,11.85,False,data/HD_156668_RV.csv
GJ 411,/content/drive/MyDrive/Jana_RV_Archive_1GB/merged_rv_archive/per_target/GJ_411_RV.csv,GJ_411_RV.csv,1250,DACE_PUBLIC,DACE,2446958.709,2458955.80978,-84664.1,999002.2,False,data/GJ_411_RV.csv
HD 97658,/content/drive/MyDrive/Jana_RV_Archive_1GB/merged_rv_archive/per_target/HD_97658_RV.csv,HD_97658_RV.csv,1240,DACE_PUBLIC,DACE,2450463.01844,2458795.13981,-1547.81580626089,13.37,False,data/HD_97658_RV.csv
GJ 876,/content/drive/MyDrive/Jana_RV_Archive_1GB/merged_rv_archive/per_target/GJ_876_RV.csv,GJ_876_RV.csv,1232,DACE_PUBLIC,DACE,2447430.792,2458717.78225333,-1655.34181365062,384.32,False,data/GJ_876_RV.csv
14 Her,/content/drive/MyDrive/Jana_RV_Archive_1GB/merged_rv_archive/per_target/14_Her_RV.csv,14_Her_RV.csv,1227,DACE_PUBLIC,DACE,2449464.5956,2458906.16484,-13927.7,190.71,False,data/14_Her_RV.csv
HD 83443,/content/drive/MyDrive/Jana_RV_Archive_1GB/merged_rv_archive/per_target/HD_83443_RV.csv,HD_83443_RV.csv,1168,DACE_PUBLIC,DACE,2444621.787,2458492.03605,-80.32,29570.0,False,data/HD_83443_RV.csv
HD 164922,/content/drive/MyDrive/Jana_RV_Archive_1GB/merged_rv_archive/per_target/HD_164922_RV.csv,HD_164922_RV.csv,1153,DACE_PUBLIC,DACE,2449530.5367,2458919.15661,-11100.0,20206.1,False,data/HD_164922_RV.csv
Barnard's star,/content/drive/MyDrive/Jana_RV_Archive_1GB/merged_rv_archive/per_target/Barnard_s_star_RV.csv,Barnard_s_star_RV.csv,1138,DACE_PUBLIC,DACE,2446957.8884,2460139.51281601,-110461.4,54.77,False,data/Barnard_s_star_RV.csv
GJ 436,/content/drive/MyDrive/Jana_RV_Archive_1GB/merged_rv_archive/per_target/GJ_436_RV.csv,GJ_436_RV.csv,1122,DACE_PUBLIC,DACE,2451552.077,2458930.6813399,-28.2,9825.60935962013,False,data/GJ_436_RV.csv
HD 136352,/content/drive/MyDrive/Jana_RV_Archive_1GB/merged_rv_archive/per_target/HD_136352_RV.csv,HD_136352_RV.csv,1086,DACE_PUBLIC,DACE,2446290.528,2459340.84597396,-82879.9138718614,12.41,False,data/HD_136352_RV.csv
GJ 887,/content/drive/MyDrive/Jana_RV_Archive_1GB/merged_rv_archive/per_target/GJ_887_RV.csv,GJ_887_RV.csv,1072,DACE_PUBLIC,DACE,2450984.12509,2459581.53093427,-13.04,9002.91219494259,False,data/GJ_887_RV.csv
HD 154088,/content/drive/MyDrive/Jana_RV_Archive_1GB/merged_rv_archive/per_target/HD_154088_RV.csv,HD_154088_RV.csv,1043,DACE_PUBLIC,DACE,2446995.645,2460076.64266283,-11.3,14160.3357430524,False,data/HD_154088_RV.csv
HD 209458,/content/drive/MyDrive/Jana_RV_Archive_1GB/merged_rv_archive/per_target/HD_209458_RV.csv,HD_209458_RV.csv,1018,DACE_PUBLIC,DACE,2448870.46,2458739.00799,-15000.0,245.53,False,data/HD_209458_RV.csv
HD 216520,/content/drive/MyDrive/Jana_RV_Archive_1GB/merged_rv_archive/per_target/HD_216520_RV.csv,HD_216520_RV.csv,1004,DACE_PUBLIC,DACE,2452188.92575,2458796.86058,-18654.1,999000.0,False,data/HD_216520_RV.csv
70 Vir,/content/drive/MyDrive/Jana_RV_Archive_1GB/merged_rv_archive/per_target/70_Vir_RV.csv,70_Vir_RV.csv,993,DACE_PUBLIC,DACE,2447195.0227,2458884.96869,-219.05,5482.5,False,data/70_Vir_RV.csv
GJ 15 A,/content/drive/MyDrive/Jana_RV_Archive_1GB/merged_rv_archive/per_target/GJ_15_A_RV.csv,GJ_15_A_RV.csv,954,DACE_PUBLIC,DACE,2447047.8422,2458774.92609,-31.56,11940.81,False,data/GJ_15_A_RV.csv
HD 82943,/content/drive/MyDrive/Jana_RV_Archive_1GB/merged_rv_archive/per_target/HD_82943_RV.csv,HD_82943_RV.csv,916,DACE_PUBLIC,DACE,2445340.821,2458916.90899,-99.66,8650.0,False,data/HD_82943_RV.csv
HD 210277,/content/drive/MyDrive/Jana_RV_Archive_1GB/merged_rv_archive/per_target/HD_210277_RV.csv,HD_210277_RV.csv,891,DACE_PUBLIC,DACE,2445529.61,2460218.68421809,-21360.0,45.87,False,data/HD_210277_RV.csv
HD 45184,/content/drive/MyDrive/Jana_RV_Archive_1GB/merged_rv_archive/per_target/HD_45184_RV.csv,HD_45184_RV.csv,864,DACE_PUBLIC,DACE,2444645.606,2459497.82145952,-4030.0,13.35,False,data/HD_45184_RV.csv
HD 141399,/content/drive/MyDrive/Jana_RV_Archive_1GB/merged_rv_archive/per_target/HD_141399_RV.csv,HD_141399_RV.csv,839,DACE_PUBLIC,DACE,2452833.85036,2458917.00218,-27042.7,82.92,False,data/HD_141399_RV.csv
HD 11964,/content/drive/MyDrive/Jana_RV_Archive_1GB/merged_rv_archive/per_target/HD_11964_RV.csv,HD_11964_RV.csv,830,DACE_PUBLIC,DACE,2443798.563,2458800.79238,-9980.0,11200.0,False,data/HD_11964_RV.csv
HD 74156,/content/drive/MyDrive/Jana_RV_Archive_1GB/merged_rv_archive/per_target/HD_74156_RV.csv,HD_74156_RV.csv,787,DACE_PUBLIC,DACE,2450823.557,2458916.91719,-320.32,4008.1,False,data/HD_74156_RV.csv
HD 86728,/content/drive/MyDrive/Jana_RV_Archive_1GB/merged_rv_archive/per_target/HD_86728_RV.csv,HD_86728_RV.csv,779,DACE_PUBLIC,DACE,2446959.7146,2458966.86958,-36.09,33.97,False,data/HD_86728_RV.csv
HD 168443,/content/drive/MyDrive/Jana_RV_Archive_1GB/merged_rv_archive/per_target/HD_168443_RV.csv,HD_168443_RV.csv,778,DACE_PUBLIC,DACE,2445859.554,2459461.65159878,-49774.9987533061,590.62,False,data/HD_168443_RV.csv
HD 187123,/content/drive/MyDrive/Jana_RV_Archive_1GB/merged_rv_archive/per_target/HD_187123_RV.csv,HD_187123_RV.csv,766,DACE_PUBLIC,DACE,2450805.70168,2458913.16838,-17147.600000000002,93.3,False,data/HD_187123_RV.csv
HD 168009,/content/drive/MyDrive/Jana_RV_Archive_1GB/merged_rv_archive/per_target/HD_168009_RV.csv,HD_168009_RV.csv,765,DACE_PUBLIC,DACE,2449464.634,2458690.91775,-64690.5,30.42,False,data/HD_168009_RV.csv
HD 3765,/content/drive/MyDrive/Jana_RV_Archive_1GB/merged_rv_archive/per_target/HD_3765_RV.csv,HD_3765_RV.csv,762,DACE_PUBLIC,DACE,2443365.555,2458907.70964,-64850.0,13.02,False,data/HD_3765_RV.csv
HD 189733,/content/drive/MyDrive/Jana_RV_Archive_1GB/merged_rv_archive/per_target/HD_189733_RV.csv,HD_189733_RV.csv,753,DACE_PUBLIC,DACE,2452832.88179,2459457.70099066,-2559.2000000000003,197.35,False,data/HD_189733_RV.csv
HD 12661,/content/drive/MyDrive/Jana_RV_Archive_1GB/merged_rv_archive/per_target/HD_12661_RV.csv,HD_12661_RV.csv,721,DACE_PUBLIC,DACE,2450831.608,2458800.87816,-97.3,119.86,False,data/HD_12661_RV.csv
HD 189567,/content/drive/MyDrive/Jana_RV_Archive_1GB/merged_rv_archive/per_target/HD_189567_RV.csv,HD_189567_RV.csv,710,DACE_PUBLIC,DACE,2447376.753,2460211.52226808,-11290.0,-10150.0,False,data/HD_189567_RV.csv
HIP 41378,/content/drive/MyDrive/Jana_RV_Archive_1GB/merged_rv_archive/per_target/HIP_41378_RV.csv,HIP_41378_RV.csv,701,DACE_PUBLIC,DACE,2457402.66686,2460089.50607201,50501.563511544606,50702.8,False,data/HIP_41378_RV.csv
K2-3,/content/drive/MyDrive/Jana_RV_Archive_1GB/merged_rv_archive/per_target/K2-3_RV.csv,K2-3_RV.csv,692,DACE_PUBLIC,DACE,2457044.65076907,2460034.5392795,30387.2253241884,30452.7998808211,False,data/K2-3_RV.csv
HD 80606,/content/drive/MyDrive/Jana_RV_Archive_1GB/merged_rv_archive/per_target/HD_80606_RV.csv,HD_80606_RV.csv,692,DACE_PUBLIC,DACE,2451293.846,2458884.89372,-444.83,4457.7,False,data/HD_80606_RV.csv
UID_0009884_RVC_001.tbl,/content/drive/MyDrive/Jana_RV_Archive_1GB/merged_rv_archive/per_target/UID_0009884_RVC_001.tbl_RV.csv,UID_0009884_RVC_001.tbl_RV.csv,678,NASA_RADIAL,UID_0009884_RVC_001,2452948.10923,2455247.987167,-66.2,68.6,False,data/UID_0009884_RVC_001.tbl_RV.csv
HD 154345,/content/drive/MyDrive/Jana_RV_Archive_1GB/merged_rv_archive/per_target/HD_154345_RV.csv,HD_154345_RV.csv,660,DACE_PUBLIC,DACE,2449464.6235,2458917.03437,-46981.0,38.1,False,data/HD_154345_RV.csv
HD 195019,/content/drive/MyDrive/Jana_RV_Archive_1GB/merged_rv_archive/per_target/HD_195019_RV.csv,HD_195019_RV.csv,647,DACE_PUBLIC,DACE,2451004.874,2458726.63513676,-91587.0363835826,395.19,False,data/HD_195019_RV.csv
GJ 9827,/content/drive/MyDrive/Jana_RV_Archive_1GB/merged_rv_archive/per_target/GJ_9827_RV.csv,GJ_9827_RV.csv,642,DACE_PUBLIC,DACE,2453295.66353638,2459866.70079158,-99993071.9657347,31951.0957595478,False,data/GJ_9827_RV.csv
HD 3167,/content/drive/MyDrive/Jana_RV_Archive_1GB/merged_rv_archive/per_target/HD_3167_RV.csv,HD_3167_RV.csv,618,DACE_PUBLIC,DACE,2453358.56429383,2459886.68906902,19361.0613749605,999001.3,False,data/HD_3167_RV.csv
HD 183263,/content/drive/MyDrive/Jana_RV_Archive_1GB/merged_rv_archive/per_target/HD_183263_RV.csv,HD_183263_RV.csv,617,DACE_PUBLIC,DACE,2452094.89174,2459444.5973237,-50507.3315030477,142.8,False,data/HD_183263_RV.csv
HD 32963,/content/drive/MyDrive/Jana_RV_Archive_1GB/merged_rv_archive/per_target/HD_32963_RV.csv,HD_32963_RV.csv,610,DACE_PUBLIC,DACE,2443865.444,2458795.95362,-63690.0,191.16,False,data/HD_32963_RV.csv
HD 215152,/content/drive/MyDrive/Jana_RV_Archive_1GB/merged_rv_archive/per_target/HD_215152_RV.csv,HD_215152_RV.csv,609,DACE_PUBLIC,DACE,2445866.606,2458695.96871,-14020.0,12.64,False,data/HD_215152_RV.csv
HD 4308,/content/drive/MyDrive/Jana_RV_Archive_1GB/merged_rv_archive/per_target/HD_4308_RV.csv,HD_4308_RV.csv,606,DACE_PUBLIC,DACE,2446718.736,2459444.80030129,-79012.40201468409,149147.982732167,False,data/HD_4308_RV.csv
HD 92788,/content/drive/MyDrive/Jana_RV_Archive_1GB/merged_rv_archive/per_target/HD_92788_RV.csv,HD_92788_RV.csv,579,DACE_PUBLIC,DACE,2446904.44,2459943.86569728,-6102.92378043605,16705.2619410895,False,data/HD_92788_RV.csv
GJ 414 A,/content/drive/MyDrive/Jana_RV_Archive_1GB/merged_rv_archive/per_target/GJ_414_A_RV.csv,GJ_414_A_RV.csv,575,DACE_PUBLIC,DACE,2448649.0067,2458955.81972,-16258.6,33.77,False,data/GJ_414_A_RV.csv
HD 134987,/content/drive/MyDrive/Jana_RV_Archive_1GB/merged_rv_archive/per_target/HD_134987_RV.csv,HD_134987_RV.csv,562,DACE_PUBLIC,DACE,2447725.547,2458715.72876,-61.8,5110.0,False,data/HD_134987_RV.csv
HD 50499,/content/drive/MyDrive/Jana_RV_Archive_1GB/merged_rv_archive/per_target/HD_50499_RV.csv,HD_50499_RV.csv,537,DACE_PUBLIC,DACE,2445638.879,2459290.63590088,-33.98,51268.6649212463,False,data/HD_50499_RV.csv
UID_0008102_RVC_003.tbl,/content/drive/MyDrive/Jana_RV_Archive_1GB/merged_rv_archive/per_target/UID_0008102_RVC_003.tbl_RV.csv,UID_0008102_RVC_003.tbl_RV.csv,535,NASA_RADIAL,UID_0008102_RVC_003,2449675.72989,2455846.81651,-17.4500007629,20.1100006104,False,data/UID_0008102_RVC_003.tbl_RV.csv
Gl 686,/content/drive/MyDrive/Jana_RV_Archive_1GB/merged_rv_archive/per_target/Gl_686_RV.csv,Gl_686_RV.csv,532,DACE_PUBLIC,DACE,2450604.94699,2458308.85137,-9542.7,9.95,False,data/Gl_686_RV.csv
HD 37124,/content/drive/MyDrive/Jana_RV_Archive_1GB/merged_rv_archive/per_target/HD_37124_RV.csv,HD_37124_RV.csv,526,DACE_PUBLIC,DACE,2445978.665,2458794.93974,-23770.0,6396.9,False,data/HD_37124_RV.csv
HD 62509,/content/drive/MyDrive/Jana_RV_Archive_1GB/merged_rv_archive/per_target/HD_62509_RV.csv,HD_62509_RV.csv,524,DACE_PUBLIC,DACE,2443519.532,2458793.85777262,-64.17,3750.0,False,data/HD_62509_RV.csv
HD 177830,/content/drive/MyDrive/Jana_RV_Archive_1GB/merged_rv_archive/per_target/HD_177830_RV.csv,HD_177830_RV.csv,523,DACE_PUBLIC,DACE,2450275.97933,2458765.63913,-46.07,51.3,False,data/HD_177830_RV.csv
HD 114783,/content/drive/MyDrive/Jana_RV_Archive_1GB/merged_rv_archive/per_target/HD_114783_RV.csv,HD_114783_RV.csv,520,DACE_PUBLIC,DACE,2448021.525,2459716.69462665,-12850.0,46.9,False,data/HD_114783_RV.csv
HD 285968,/content/drive/MyDrive/Jana_RV_Archive_1GB/merged_rv_archive/per_target/HD_285968_RV.csv,HD_285968_RV.csv,517,DACE_PUBLIC,DACE,2450839.76,2458733.12759,-19.88,26421.7,False,data/HD_285968_RV.csv
HD 196885 A,/content/drive/MyDrive/Jana_RV_Archive_1GB/merged_rv_archive/per_target/HD_196885_A_RV.csv,HD_196885_A_RV.csv,517,DACE_PUBLIC,DACE,2445150.629,2459724.86509005,-34510.0,258.45,False,data/HD_196885_A_RV.csv
HD 192263,/content/drive/MyDrive/Jana_RV_Archive_1GB/merged_rv_archive/per_target/HD_192263_RV.csv,HD_192263_RV.csv,509,DACE_PUBLIC,DACE,2445859.588,2458727.65310768,-11290.0,58.72,False,data/HD_192263_RV.csv
HD 99492,/content/drive/MyDrive/Jana_RV_Archive_1GB/merged_rv_archive/per_target/HD_99492_RV.csv,HD_99492_RV.csv,509,DACE_PUBLIC,DACE,2450462.11396,2458907.86635,-17.55,4318.81930824919,False,data/HD_99492_RV.csv
HD 169830,/content/drive/MyDrive/Jana_RV_Archive_1GB/merged_rv_archive/per_target/HD_169830_RV.csv,HD_169830_RV.csv,509,DACE_PUBLIC,DACE,2444859.553,2458714.74517,-28429.2771386205,113603.301217182,False,data/HD_169830_RV.csv
GJ 273,/content/drive/MyDrive/Jana_RV_Archive_1GB/merged_rv_archive/per_target/GJ_273_RV.csv,GJ_273_RV.csv,507,DACE_PUBLIC,DACE,2448992.8248,2459271.62575821,-24.21,25607.0406019857,False,data/GJ_273_RV.csv
HD 52265,/content/drive/MyDrive/Jana_RV_Archive_1GB/merged_rv_archive/per_target/HD_52265_RV.csv,HD_52265_RV.csv,501,DACE_PUBLIC,DACE,2444631.697,2459472.88984764,-64.17,53919.922882161205,False,data/HD_52265_RV.csv
HR 5183,/content/drive/MyDrive/Jana_RV_Archive_1GB/merged_rv_archive/per_target/HR_5183_RV.csv,HR_5183_RV.csv,500,DACE_PUBLIC,DACE,2447662.433,2458966.89248,-31070.0,28.2,False,data/HR_5183_RV.csv
HD 180617,/content/drive/MyDrive/Jana_RV_Archive_1GB/merged_rv_archive/per_target/HD_180617_RV.csv,HD_180617_RV.csv,499,DACE_PUBLIC,DACE,2447047.7183,2458391.73457,-41.47,36089.0656152624,False,data/HD_180617_RV.csv
HD 66141,/content/drive/MyDrive/Jana_RV_Archive_1GB/merged_rv_archive/per_target/HD_66141_RV.csv,HD_66141_RV.csv,495,DACE_PUBLIC,DACE,2443447.681,2455581.13264,-146.5,71930.0,False,data/HD_66141_RV.csv
GJ 514,/content/drive/MyDrive/Jana_RV_Archive_1GB/merged_rv_archive/per_target/GJ_514_RV.csv,GJ_514_RV.csv,491,DACE_PUBLIC,DACE,2450546.01436,2459268.78280184,-8.89,999000.0,False,data/GJ_514_RV.csv
AU Mic,/content/drive/MyDrive/Jana_RV_Archive_1GB/merged_rv_archive/per_target/AU_Mic_RV.csv,AU_Mic_RV.csv,478,DACE_PUBLIC,DACE,2452986.51556887,2460152.86678668,-22455.9290919986,327.38,False,data/AU_Mic_RV.csv
GJ 849,/content/drive/MyDrive/Jana_RV_Archive_1GB/merged_rv_archive/per_target/GJ_849_RV.csv,GJ_849_RV.csv,477,DACE_PUBLIC,DACE,2450606.06781,2458728.62706326,-15111.3787109812,54.4,False,data/GJ_849_RV.csv
GJ 687,/content/drive/MyDrive/Jana_RV_Archive_1GB/merged_rv_archive/per_target/GJ_687_RV.csv,GJ_687_RV.csv,474,DACE_PUBLIC,DACE,2450603.96526,2458266.99867,-28736.9,16.78,False,data/GJ_687_RV.csv
HD 113996,/content/drive/MyDrive/Jana_RV_Archive_1GB/merged_rv_archive/per_target/HD_113996_RV.csv,HD_113996_RV.csv,469,DACE_PUBLIC,DACE,2443242.483,2450861.7,-16970.0,-14490.0,False,data/HD_113996_RV.csv
HD 16417,/content/drive/MyDrive/Jana_RV_Archive_1GB/merged_rv_archive/per_target/HD_16417_RV.csv,HD_16417_RV.csv,454,DACE_PUBLIC,DACE,2447047.917,2458018.8758859,-13.0,11357.7081934785,False,data/HD_16417_RV.csv
HD 128311,/content/drive/MyDrive/Jana_RV_Archive_1GB/merged_rv_archive/per_target/HD_128311_RV.csv,HD_128311_RV.csv,453,DACE_PUBLIC,DACE,2450983.8269,2458651.82761,-177.2,146.75,False,data/HD_128311_RV.csv
HD 90156,/content/drive/MyDrive/Jana_RV_Archive_1GB/merged_rv_archive/per_target/HD_90156_RV.csv,HD_90156_RV.csv,452,DACE_PUBLIC,DACE,2447604.71,2458881.08937,-10.4,27080.0,False,data/HD_90156_RV.csv
UID_0096901_RVC_004.tbl,/content/drive/MyDrive/Jana_RV_Archive_1GB/merged_rv_archive/per_target/UID_0096901_RVC_004.tbl_RV.csv,UID_0096901_RVC_004.tbl_RV.csv,447,NASA_RADIAL,UID_0096901_RVC_004,2451008.86449,2453927.90889,-766.5,442.8,False,data/UID_0096901_RVC_004.tbl_RV.csv
HD 96700,/content/drive/MyDrive/Jana_RV_Archive_1GB/merged_rv_archive/per_target/HD_96700_RV.csv,HD_96700_RV.csv,444,DACE_PUBLIC,DACE,2447605.744,2458602.48424935,-10.93,13070.0,False,data/HD_96700_RV.csv
HD 34445,/content/drive/MyDrive/Jana_RV_Archive_1GB/merged_rv_archive/per_target/HD_34445_RV.csv,HD_34445_RV.csv,431,DACE_PUBLIC,DACE,2450730.6628,2458794.93649,-78992.40000000001,26.69,False,data/HD_34445_RV.csv
HD 179079,/content/drive/MyDrive/Jana_RV_Archive_1GB/merged_rv_archive/per_target/HD_179079_RV.csv,HD_179079_RV.csv,429,DACE_PUBLIC,DACE,2453197.99712,2457631.39636,-15.42,19521.5,False,data/HD_179079_RV.csv
HD 39194,/content/drive/MyDrive/Jana_RV_Archive_1GB/merged_rv_archive/per_target/HD_39194_RV.csv,HD_39194_RV.csv,429,DACE_PUBLIC,DACE,2444629.722,2457994.91049538,12530.0,14690.0,False,data/HD_39194_RV.csv
HD 10647,/content/drive/MyDrive/Jana_RV_Archive_1GB/merged_rv_archive/per_target/HD_10647_RV.csv,HD_10647_RV.csv,426,DACE_PUBLIC,DACE,2448259.542,2458865.53652531,-32.5,27890.0,False,data/HD_10647_RV.csv
HD 50554,/content/drive/MyDrive/Jana_RV_Archive_1GB/merged_rv_archive/per_target/HD_50554_RV.csv,HD_50554_RV.csv,419,DACE_PUBLIC,DACE,2450769.6416,2462294.897,-3924.32,158.44,False,data/HD_50554_RV.csv
HD 80653,/content/drive/MyDrive/Jana_RV_Archive_1GB/merged_rv_archive/per_target/HD_80653_RV.csv,HD_80653_RV.csv,418,DACE_PUBLIC,DACE,2458448.64705694,2459988.62906255,8244.96756529609,8478.050588988051,False,data/HD_80653_RV.csv
HD 156846,/content/drive/MyDrive/Jana_RV_Archive_1GB/merged_rv_archive/per_target/HD_156846_RV.csv,HD_156846_RV.csv,418,DACE_PUBLIC,DACE,2445565.593,2456893.73333,-69210.0,580.37,False,data/HD_156846_RV.csv
HD 204313,/content/drive/MyDrive/Jana_RV_Archive_1GB/merged_rv_archive/per_target/HD_204313_RV.csv,HD_204313_RV.csv,415,DACE_PUBLIC,DACE,2447728.78,2459444.63403289,-10350.0,88.5,False,data/HD_204313_RV.csv
HD 158259,/content/drive/MyDrive/Jana_RV_Archive_1GB/merged_rv_archive/per_target/HD_158259_RV.csv,HD_158259_RV.csv,415,DACE_PUBLIC,DACE,2450533.6575,2457823.64558,13441.9,13566.4,False,data/HD_158259_RV.csv
HD 40979,/content/drive/MyDrive/Jana_RV_Archive_1GB/merged_rv_archive/per_target/HD_40979_RV.csv,HD_40979_RV.csv,408,DACE_PUBLIC,DACE,2450831.77148,2458788.15842,-147.8,212.51,False,data/HD_40979_RV.csv
GJ 367,/content/drive/MyDrive/Jana_RV_Archive_1GB/merged_rv_archive/per_target/GJ_367_RV.csv,GJ_367_RV.csv,402,DACE_PUBLIC,DACE,2452985.78071945,2459897.85431322,45226.8844612865,47916.6353733292,False,data/GJ_367_RV.csv
HD 75289,/content/drive/MyDrive/Jana_RV_Archive_1GB/merged_rv_archive/per_target/HD_75289_RV.csv,HD_75289_RV.csv,396,DACE_PUBLIC,DACE,2445399.511,2459965.81690236,-66.0,9350.0,False,data/HD_75289_RV.csv
HD 41004 A,/content/drive/MyDrive/Jana_RV_Archive_1GB/merged_rv_archive/per_target/HD_41004_A_RV.csv,HD_41004_A_RV.csv,395,DACE_PUBLIC,DACE,2449732.685,2453009.77443,42110.0,42820.0,False,data/HD_41004_A_RV.csv
GJ 720 A,/content/drive/MyDrive/Jana_RV_Archive_1GB/merged_rv_archive/per_target/GJ_720_A_RV.csv,GJ_720_A_RV.csv,385,DACE_PUBLIC,DACE,2454328.43781,2457349.26424,-31859.6,999008.81,False,data/GJ_720_A_RV.csv
HD 16141,/content/drive/MyDrive/Jana_RV_Archive_1GB/merged_rv_archive/per_target/HD_16141_RV.csv,HD_16141_RV.csv,382,DACE_PUBLIC,DACE,2443797.575,2458795.95837,-51410.0,24.68,False,data/HD_16141_RV.csv
HD 23079,/content/drive/MyDrive/Jana_RV_Archive_1GB/merged_rv_archive/per_target/HD_23079_RV.csv,HD_23079_RV.csv,379,DACE_PUBLIC,DACE,2446310.917,2460203.70796254,-17294.4866678114,900.0,False,data/HD_23079_RV.csv
HD 24040,/content/drive/MyDrive/Jana_RV_Archive_1GB/merged_rv_archive/per_target/HD_24040_RV.csv,HD_24040_RV.csv,377,DACE_PUBLIC,DACE,2450701.6605,2458906.70909,-9491.44,61.0,False,data/HD_24040_RV.csv
HD 88986,/content/drive/MyDrive/Jana_RV_Archive_1GB/merged_rv_archive/per_target/HD_88986_RV.csv,HD_88986_RV.csv,374,DACE_PUBLIC,DACE,2450420.10946,2458879.92506,-19.63,29102.4,False,data/HD_88986_RV.csv
HD 176986,/content/drive/MyDrive/Jana_RV_Archive_1GB/merged_rv_archive/per_target/HD_176986_RV.csv,HD_176986_RV.csv,367,DACE_PUBLIC,DACE,2446679.374,2459873.51023854,37270.0,37744.576753555695,False,data/HD_176986_RV.csv
HD 73344,/content/drive/MyDrive/Jana_RV_Archive_1GB/merged_rv_archive/per_target/HD_73344_RV.csv,HD_73344_RV.csv,367,DACE_PUBLIC,DACE,2450770.7053,2458509.07309,-62.43,6312.2,False,data/HD_73344_RV.csv
HAT-P-2,/content/drive/MyDrive/Jana_RV_Archive_1GB/merged_rv_archive/per_target/HAT-P-2_RV.csv,HAT-P-2_RV.csv,363,DACE_PUBLIC,DACE,2453813.0208,2456855.775,-22080.0,917.87,False,data/HAT-P-2_RV.csv
GJ 667 C,/content/drive/MyDrive/Jana_RV_Archive_1GB/merged_rv_archive/per_target/GJ_667_C_RV.csv,GJ_667_C_RV.csv,363,DACE_PUBLIC,DACE,2451704.98133,2458730.52790878,-30.83,6514.03980141386,False,data/GJ_667_C_RV.csv
HD 108874,/content/drive/MyDrive/Jana_RV_Archive_1GB/merged_rv_archive/per_target/HD_108874_RV.csv,HD_108874_RV.csv,359,DACE_PUBLIC,DACE,2450340.8062,2458559.93488,-65.2,57.18,False,data/HD_108874_RV.csv
KELT-11,/content/drive/MyDrive/Jana_RV_Archive_1GB/merged_rv_archive/per_target/KELT-11_RV.csv,KELT-11_RV.csv,354,DACE_PUBLIC,DACE,2454216.87072,2457820.72575347,-25.63,34983.2849825616,False,data/KELT-11_RV.csv
HD 196067,/content/drive/MyDrive/Jana_RV_Archive_1GB/merged_rv_archive/per_target/HD_196067_RV.csv,HD_196067_RV.csv,351,DACE_PUBLIC,DACE,2447375.752,2460218.60637789,-34641.5074646217,9062.634128788011,False,data/HD_196067_RV.csv
HD 134060,/content/drive/MyDrive/Jana_RV_Archive_1GB/merged_rv_archive/per_target/HD_134060_RV.csv,HD_134060_RV.csv,349,DACE_PUBLIC,DACE,2447604.898,2457882.79183843,37420.0,37980.0,False,data/HD_134060_RV.csv
HD 106315,/content/drive/MyDrive/Jana_RV_Archive_1GB/merged_rv_archive/per_target/HD_106315_RV.csv,HD_106315_RV.csv,347,DACE_PUBLIC,DACE,2457781.74267122,2459334.75763788,-3674.83899142676,-3319.92097947805,False,data/HD_106315_RV.csv
HD 10697,/content/drive/MyDrive/Jana_RV_Archive_1GB/merged_rv_archive/per_target/HD_10697_RV.csv,HD_10697_RV.csv,345,DACE_PUBLIC,DACE,2450367.0617,2458724.04669,-134.8,136.5,False,data/HD_10697_RV.csv
HD 60532,/content/drive/MyDrive/Jana_RV_Archive_1GB/merged_rv_archive/per_target/HD_60532_RV.csv,HD_60532_RV.csv,342,DACE_PUBLIC,DACE,2453777.61579252,2455726.45704376,-100000638.677731,61042.665555960295,False,data/HD_60532_RV.csv
HD 10180,/content/drive/MyDrive/Jana_RV_Archive_1GB/merged_rv_archive/per_target/HD_10180_RV.csv,HD_10180_RV.csv,342,DACE_PUBLIC,DACE,2447373.935,2457996.80333505,35020.0,35900.0,False,data/HD_10180_RV.csv
GJ 536,/content/drive/MyDrive/Jana_RV_Archive_1GB/merged_rv_archive/per_target/GJ_536_RV.csv,GJ_536_RV.csv,341,DACE_PUBLIC,DACE,2451410.73041,2458509.11541,-25688.3327746829,13.55,False,data/GJ_536_RV.csv
HD 202206,/content/drive/MyDrive/Jana_RV_Archive_1GB/merged_rv_archive/per_target/HD_202206_RV.csv,HD_202206_RV.csv,339,DACE_PUBLIC,DACE,2447752.702,2460218.63229438,12660.9242239498,15160.0,False,data/HD_202206_RV.csv
GJ 393,/content/drive/MyDrive/Jana_RV_Archive_1GB/merged_rv_archive/per_target/GJ_393_RV.csv,GJ_393_RV.csv,336,DACE_PUBLIC,DACE,2450607.77613,2460028.60806378,-14.68,8586.826452825351,False,data/GJ_393_RV.csv
HD 113337,/content/drive/MyDrive/Jana_RV_Archive_1GB/merged_rv_archive/per_target/HD_113337_RV.csv,HD_113337_RV.csv,331,DACE_PUBLIC,DACE,2454124.68635,2456425.4173,-15690.6,12653.6,False,data/HD_113337_RV.csv
GJ 251,/content/drive/MyDrive/Jana_RV_Archive_1GB/merged_rv_archive/per_target/GJ_251_RV.csv,GJ_251_RV.csv,331,DACE_PUBLIC,DACE,2448645.8604,2458797.07611,-68.21,23009.8,False,data/GJ_251_RV.csv
GJ 229,/content/drive/MyDrive/Jana_RV_Archive_1GB/merged_rv_archive/per_target/GJ_229_RV.csv,GJ_229_RV.csv,327,DACE_PUBLIC,DACE,2450004.01269,2459982.6828218,-12256.775914288,15614.2001133585,False,data/GJ_229_RV.csv
HD 86226,/content/drive/MyDrive/Jana_RV_Archive_1GB/merged_rv_archive/per_target/HD_86226_RV.csv,HD_86226_RV.csv,327,DACE_PUBLIC,DACE,2447874.767,2460104.53069049,-24.6,19850.0,False,data/HD_86226_RV.csv
HD 178911 B,/content/drive/MyDrive/Jana_RV_Archive_1GB/merged_rv_archive/per_target/HD_178911_B_RV.csv,HD_178911_B_RV.csv,323,DACE_PUBLIC,DACE,2451008.976,2458716.03146,-47374.4,408.86,False,data/HD_178911_B_RV.csv
GJ 433,/content/drive/MyDrive/Jana_RV_Archive_1GB/merged_rv_archive/per_target/GJ_433_RV.csv,GJ_433_RV.csv,320,DACE_PUBLIC,DACE,2451200.04476,2458559.94964,-16.01,18119.5734504946,False,data/GJ_433_RV.csv
CoRoT-7,/content/drive/MyDrive/Jana_RV_Archive_1GB/merged_rv_archive/per_target/CoRoT-7_RV.csv,CoRoT-7_RV.csv,318,DACE_PUBLIC,DACE,2454514.32514,2458535.71554778,31006.0353354415,31216.0,False,data/CoRoT-7_RV.csv
HD 13724,/content/drive/MyDrive/Jana_RV_Archive_1GB/merged_rv_archive/per_target/HD_13724_RV.csv,HD_13724_RV.csv,318,DACE_PUBLIC,DACE,2447049.865,2458536.51844227,20070.0,20729.868593951,False,data/HD_13724_RV.csv
HD 107148,/content/drive/MyDrive/Jana_RV_Archive_1GB/merged_rv_archive/per_target/HD_107148_RV.csv,HD_107148_RV.csv,313,DACE_PUBLIC,DACE,2451553.07687,2458916.92941,-20800.0,25207.3751979439,False,data/HD_107148_RV.csv
HD 181433,/content/drive/MyDrive/Jana_RV_Archive_1GB/merged_rv_archive/per_target/HD_181433_RV.csv,HD_181433_RV.csv,313,DACE_PUBLIC,DACE,2447820.519,2460218.58064801,39910.0,40238.0093263437,False,data/HD_181433_RV.csv
UID_0007513_RVC_009.tbl,/content/drive/MyDrive/Jana_RV_Archive_1GB/merged_rv_archive/per_target/UID_0007513_RVC_009.tbl_RV.csv,UID_0007513_RVC_009.tbl_RV.csv,312,NASA_RADIAL,UID_0007513_RVC_009,2449680.75615,2455846.80257,-189.429992676,193.070007324,False,data/UID_0007513_RVC_009.tbl_RV.csv
HD 45350,/content/drive/MyDrive/Jana_RV_Archive_1GB/merged_rv_archive/per_target/HD_45350_RV.csv,HD_45350_RV.csv,308,DACE_PUBLIC,DACE,2451543.998,2458797.07162,-44.6,91.5,False,data/HD_45350_RV.csv
HD 47186,/content/drive/MyDrive/Jana_RV_Archive_1GB/merged_rv_archive/per_target/HD_47186_RV.csv,HD_47186_RV.csv,308,DACE_PUBLIC,DACE,2447222.639,2458017.88747023,-22.91,4320.08,False,data/HD_47186_RV.csv
GJ 1148,/content/drive/MyDrive/Jana_RV_Archive_1GB/merged_rv_archive/per_target/GJ_1148_RV.csv,GJ_1148_RV.csv,305,DACE_PUBLIC,DACE,2451581.04559,2458491.9847,-9563.4,47.79,False,data/GJ_1148_RV.csv
HD 164595,/content/drive/MyDrive/Jana_RV_Archive_1GB/merged_rv_archive/per_target/HD_164595_RV.csv,HD_164595_RV.csv,302,DACE_PUBLIC,DACE,2450650.4729,2458648.95185,-24.59,2132.76235504554,False,data/HD_164595_RV.csv
HD 216435,/content/drive/MyDrive/Jana_RV_Archive_1GB/merged_rv_archive/per_target/HD_216435_RV.csv,HD_216435_RV.csv,300,DACE_PUBLIC,DACE,2447367.894,2459472.61107904,-1440.0,37.5,False,data/HD_216435_RV.csv
HD 147379,/content/drive/MyDrive/Jana_RV_Archive_1GB/merged_rv_archive/per_target/HD_147379_RV.csv,HD_147379_RV.csv,298,DACE_PUBLIC,DACE,2454298.3872,2457825.60037,-19143.8,-18422.71,False,data/HD_147379_RV.csv
GJ 674,/content/drive/MyDrive/Jana_RV_Archive_1GB/merged_rv_archive/per_target/GJ_674_RV.csv,GJ_674_RV.csv,297,DACE_PUBLIC,DACE,2453158.75187,2459623.86490563,-2746.3,-2694.835972716,False,data/GJ_674_RV.csv
HD 212301,/content/drive/MyDrive/Jana_RV_Archive_1GB/merged_rv_archive/per_target/HD_212301_RV.csv,HD_212301_RV.csv,296,DACE_PUBLIC,DACE,2452856.82311,2460161.9088745,4502.57352066656,28461.6667616732,False,data/HD_212301_RV.csv
HD 11977,/content/drive/MyDrive/Jana_RV_Archive_1GB/merged_rv_archive/per_target/HD_11977_RV.csv,HD_11977_RV.csv,296,DACE_PUBLIC,DACE,2453334.53089606,2455086.90665464,-18052.3149612792,-17881.9497449449,False,data/HD_11977_RV.csv
HD 145934,/content/drive/MyDrive/Jana_RV_Archive_1GB/merged_rv_archive/per_target/HD_145934_RV.csv,HD_145934_RV.csv,296,DACE_PUBLIC,DACE,2450605.96052,2458560.07547,-191.18,256.31,False,data/HD_145934_RV.csv
HD 4113,/content/drive/MyDrive/Jana_RV_Archive_1GB/merged_rv_archive/per_target/HD_4113_RV.csv,HD_4113_RV.csv,295,DACE_PUBLIC,DACE,2447676.894,2457348.52535787,-110.1,5102.57725956712,False,data/HD_4113_RV.csv
GJ 806,/content/drive/MyDrive/Jana_RV_Archive_1GB/merged_rv_archive/per_target/GJ_806_RV.csv,GJ_806_RV.csv,295,DACE_PUBLIC,DACE,2447373.9097,2458385.96144,-24678.4,102.29,False,data/GJ_806_RV.csv
HD 8574,/content/drive/MyDrive/Jana_RV_Archive_1GB/merged_rv_archive/per_target/HD_8574_RV.csv,HD_8574_RV.csv,294,DACE_PUBLIC,DACE,2450825.3036,2458777.07691,-67.0,19034.0,False,data/HD_8574_RV.csv
HD 175541,/content/drive/MyDrive/Jana_RV_Archive_1GB/merged_rv_archive/per_target/HD_175541_RV.csv,HD_175541_RV.csv,294,DACE_PUBLIC,DACE,2450283.952,2458740.60781939,-28.52,19693.4514753243,False,data/HD_175541_RV.csv
HD 134606,/content/drive/MyDrive/Jana_RV_Archive_1GB/merged_rv_archive/per_target/HD_134606_RV.csv,HD_134606_RV.csv,293,DACE_PUBLIC,DACE,2448373.799,2457883.7233172,1760.0,1970.0,False,data/HD_134606_RV.csv
HD 87883,/content/drive/MyDrive/Jana_RV_Archive_1GB/merged_rv_archive/per_target/HD_87883_RV.csv,HD_87883_RV.csv,291,DACE_PUBLIC,DACE,2451155.03027,2458903.93823,-52.11,61.08,False,data/HD_87883_RV.csv
HD 207832,/content/drive/MyDrive/Jana_RV_Archive_1GB/merged_rv_archive/per_target/HD_207832_RV.csv,HD_207832_RV.csv,290,DACE_PUBLIC,DACE,2452943.57398649,2459465.67638943,-16789.2050559394,49.63,False,data/HD_207832_RV.csv
HD 168746,/content/drive/MyDrive/Jana_RV_Archive_1GB/merged_rv_archive/per_target/HD_168746_RV.csv,HD_168746_RV.csv,290,DACE_PUBLIC,DACE,2447670.725,2458740.59515416,-26160.0,42.93,False,data/HD_168746_RV.csv
HD 218566,/content/drive/MyDrive/Jana_RV_Archive_1GB/merged_rv_archive/per_target/HD_218566_RV.csv,HD_218566_RV.csv,288,DACE_PUBLIC,DACE,2446312.473,2458755.68385777,-38590.0,16.93,False,data/HD_218566_RV.csv
HD 72659,/content/drive/MyDrive/Jana_RV_Archive_1GB/merged_rv_archive/per_target/HD_72659_RV.csv,HD_72659_RV.csv,286,DACE_PUBLIC,DACE,2450838.8934,2459371.45945034,-18216.0797427372,46.72,False,data/HD_72659_RV.csv
UID_0007513_RVC_007.tbl,/content/drive/MyDrive/Jana_RV_Archive_1GB/merged_rv_archive/per_target/UID_0007513_RVC_007.tbl_RV.csv,UID_0007513_RVC_007.tbl_RV.csv,284,NASA_RADIAL,UID_0007513_RVC_007,2449680.753973,2454428.702007,-176.0,183.3,False,data/UID_0007513_RVC_007.tbl_RV.csv
HD 181234,/content/drive/MyDrive/Jana_RV_Archive_1GB/merged_rv_archive/per_target/HD_181234_RV.csv,HD_181234_RV.csv,280,DACE_PUBLIC,DACE,2445857.619,2459872.50059727,-46910.0,146.0,False,data/HD_181234_RV.csv
GJ 317,/content/drive/MyDrive/Jana_RV_Archive_1GB/merged_rv_archive/per_target/GJ_317_RV.csv,GJ_317_RV.csv,278,DACE_PUBLIC,DACE,2451550.99259,2458852.94495,-106.43,88201.1408228355,False,data/GJ_317_RV.csv
HD 89744,/content/drive/MyDrive/Jana_RV_Archive_1GB/merged_rv_archive/per_target/HD_89744_RV.csv,HD_89744_RV.csv,277,DACE_PUBLIC,DACE,2451478.05016,2455603.87716,-704.4,262.2,False,data/HD_89744_RV.csv
HD 30562,/content/drive/MyDrive/Jana_RV_Archive_1GB/merged_rv_archive/per_target/HD_30562_RV.csv,HD_30562_RV.csv,277,DACE_PUBLIC,DACE,2445616.633,2456195.90218953,-37.37,77450.0,False,data/HD_30562_RV.csv
GJ 86,/content/drive/MyDrive/Jana_RV_Archive_1GB/merged_rv_archive/per_target/GJ_86_RV.csv,GJ_86_RV.csv,277,DACE_PUBLIC,DACE,2445236.852,2459826.86740413,-728.5,59340.0,False,data/GJ_86_RV.csv
UID_0043587_RVC_008.tbl,/content/drive/MyDrive/Jana_RV_Archive_1GB/merged_rv_archive/per_target/UID_0043587_RVC_008.tbl_RV.csv,UID_0043587_RVC_008.tbl_RV.csv,274,NASA_RADIAL,UID_0043587_RVC_008,2449676.0632,2455603.80404,-130.570007324,141.460006714,False,data/UID_0043587_RVC_008.tbl_RV.csv
HD 117207,/content/drive/MyDrive/Jana_RV_Archive_1GB/merged_rv_archive/per_target/HD_117207_RV.csv,HD_117207_RV.csv,274,DACE_PUBLIC,DACE,2447701.513,2459566.84603727,-17880.0,40.0828,False,data/HD_117207_RV.csv
K2-111,/content/drive/MyDrive/Jana_RV_Archive_1GB/merged_rv_archive/per_target/K2-111_RV.csv,K2-111_RV.csv,273,DACE_PUBLIC,DACE,2457321.71851103,2458911.501219,-16443.038678478002,-16206.5137752247,False,data/K2-111_RV.csv
GJ 649,/content/drive/MyDrive/Jana_RV_Archive_1GB/merged_rv_archive/per_target/GJ_649_RV.csv,GJ_649_RV.csv,272,DACE_PUBLIC,DACE,2451409.82383,2458677.61404273,-21.04,4458.59994085889,False,data/GJ_649_RV.csv
HD 31527,/content/drive/MyDrive/Jana_RV_Archive_1GB/merged_rv_archive/per_target/HD_31527_RV.csv,HD_31527_RV.csv,271,DACE_PUBLIC,DACE,2447223.534,2457993.92568006,25540.0,25990.0,False,data/HD_31527_RV.csv
HD 136118,/content/drive/MyDrive/Jana_RV_Archive_1GB/merged_rv_archive/per_target/HD_136118_RV.csv,HD_136118_RV.csv,271,DACE_PUBLIC,DACE,2450832.06899,2462157.646,-241.52,745.3,False,data/HD_136118_RV.csv
HD 49674,/content/drive/MyDrive/Jana_RV_Archive_1GB/merged_rv_archive/per_target/HD_49674_RV.csv,HD_49674_RV.csv,269,DACE_PUBLIC,DACE,2450883.058,2458788.15552,-26.5,998999.8,False,data/HD_49674_RV.csv
UID_0007513_RVC_003.tbl,/content/drive/MyDrive/Jana_RV_Archive_1GB/merged_rv_archive/per_target/UID_0007513_RVC_003.tbl_RV.csv,UID_0007513_RVC_003.tbl_RV.csv,268,NASA_RADIAL,UID_0007513_RVC_003,2447046.9223,2453220.951435,-179.8,184.6,False,data/UID_0007513_RVC_003.tbl_RV.csv
HD 130322,/content/drive/MyDrive/Jana_RV_Archive_1GB/merged_rv_archive/per_target/HD_130322_RV.csv,HD_130322_RV.csv,267,DACE_PUBLIC,DACE,2446162.589,2458729.49225595,-12690.0,110.4,False,data/HD_130322_RV.csv
HD 4208,/content/drive/MyDrive/Jana_RV_Archive_1GB/merged_rv_archive/per_target/HD_4208_RV.csv,HD_4208_RV.csv,264,DACE_PUBLIC,DACE,2447676.899,2459444.7797116,-39.46,56820.0,False,data/HD_4208_RV.csv
HD 171238,/content/drive/MyDrive/Jana_RV_Archive_1GB/merged_rv_archive/per_target/HD_171238_RV.csv,HD_171238_RV.csv,264,DACE_PUBLIC,DACE,2447671.936,2460218.55907899,-9.78,21723.9206785451,False,data/HD_171238_RV.csv
HD 167042,/content/drive/MyDrive/Jana_RV_Archive_1GB/merged_rv_archive/per_target/HD_167042_RV.csv,HD_167042_RV.csv,262,DACE_PUBLIC,DACE,2453077.3248,2458648.91123,-45.58,47.89,False,data/HD_167042_RV.csv
HD 114729,/content/drive/MyDrive/Jana_RV_Archive_1GB/merged_rv_archive/per_target/HD_114729_RV.csv,HD_114729_RV.csv,260,DACE_PUBLIC,DACE,2447701.505,2459427.45920472,-30.4,64910.8641692039,False,data/HD_114729_RV.csv
UID_0024813_RVC_003.tbl,/content/drive/MyDrive/Jana_RV_Archive_1GB/merged_rv_archive/per_target/UID_0024813_RVC_003.tbl_RV.csv,UID_0024813_RVC_003.tbl_RV.csv,259,NASA_RADIAL,UID_0024813_RVC_003,2449766.67847,2455846.93551,-25.0200004578,17.2999992371,False,data/UID_0024813_RVC_003.tbl_RV.csv
EPIC 229004835,/content/drive/MyDrive/Jana_RV_Archive_1GB/merged_rv_archive/per_target/EPIC_229004835_RV.csv,EPIC_229004835_RV.csv,258,DACE_PUBLIC,DACE,2457802.64599488,2458647.43099047,-31536.1498054258,-31415.9240378459,False,data/EPIC_229004835_RV.csv
UID_0047202_RVC_005.tbl,/content/drive/MyDrive/Jana_RV_Archive_1GB/merged_rv_archive/per_target/UID_0047202_RVC_005.tbl_RV.csv,UID_0047202_RVC_005.tbl_RV.csv,257,NASA_RADIAL,UID_0047202_RVC_005,2451262.618,2452717.6163,28955.0,29098.0,False,data/UID_0047202_RVC_005.tbl_RV.csv
UID_0113357_RVC_001.tbl,/content/drive/MyDrive/Jana_RV_Archive_1GB/merged_rv_archive/per_target/UID_0113357_RVC_001.tbl_RV.csv,UID_0113357_RVC_001.tbl_RV.csv,256,NASA_RADIAL,UID_0113357_RVC_001,2450002.665695,2452189.707882,-73.1,70.4,False,data/UID_0113357_RVC_001.tbl_RV.csv
HD 13808,/content/drive/MyDrive/Jana_RV_Archive_1GB/merged_rv_archive/per_target/HD_13808_RV.csv,HD_13808_RV.csv,255,DACE_PUBLIC,DACE,2449732.619,2457423.55388822,40610.0,41094.3214712205,False,data/HD_13808_RV.csv
HD 93385,/content/drive/MyDrive/Jana_RV_Archive_1GB/merged_rv_archive/per_target/HD_93385_RV.csv,HD_93385_RV.csv,255,DACE_PUBLIC,DACE,2447188.813,2457883.58004607,47360.0,47740.0,False,data/HD_93385_RV.csv
HD 108147,/content/drive/MyDrive/Jana_RV_Archive_1GB/merged_rv_archive/per_target/HD_108147_RV.csv,HD_108147_RV.csv,254,DACE_PUBLIC,DACE,2448373.74,2458668.54707025,-5720.0,44.0,False,data/HD_108147_RV.csv
HD 179949,/content/drive/MyDrive/Jana_RV_Archive_1GB/merged_rv_archive/per_target/HD_179949_RV.csv,HD_179949_RV.csv,253,DACE_PUBLIC,DACE,2447727.683,2458714.74715,-24990.0,127.1,False,data/HD_179949_RV.csv
HD 177565,/content/drive/MyDrive/Jana_RV_Archive_1GB/merged_rv_archive/per_target/HD_177565_RV.csv,HD_177565_RV.csv,252,DACE_PUBLIC,DACE,2446284.656,2459439.71005742,56418.3791065538,100012723.369393,False,data/HD_177565_RV.csv
UID_0043587_RVC_002.tbl,/content/drive/MyDrive/Jana_RV_Archive_1GB/merged_rv_archive/per_target/UID_0043587_RVC_002.tbl_RV.csv,UID_0043587_RVC_002.tbl_RV.csv,250,NASA_RADIAL,UID_0043587_RVC_002,7578.73,14220.757,-121.41,151.54,False,data/UID_0043587_RVC_002.tbl_RV.csv
HD 222582,/content/drive/MyDrive/Jana_RV_Archive_1GB/merged_rv_archive/per_target/HD_222582_RV.csv,HD_222582_RV.csv,250,DACE_PUBLIC,DACE,2446321.53,2458662.13249,-170.59,12230.0,False,data/HD_222582_RV.csv
HD 17156,/content/drive/MyDrive/Jana_RV_Archive_1GB/merged_rv_archive/per_target/HD_17156_RV.csv,HD_17156_RV.csv,250,DACE_PUBLIC,DACE,2453629.6456,2456911.07857,-8010.27,261.56,False,data/HD_17156_RV.csv
UID_0007513_RVC_004.tbl,/content/drive/MyDrive/Jana_RV_Archive_1GB/merged_rv_archive/per_target/UID_0007513_RVC_004.tbl_RV.csv,UID_0007513_RVC_004.tbl_RV.csv,248,NASA_RADIAL,UID_0007513_RVC_004,2447046.922,2452597.74,-176.86,152.96,False,data/UID_0007513_RVC_004.tbl_RV.csv
HD 15337,/content/drive/MyDrive/Jana_RV_Archive_1GB/merged_rv_archive/per_target/HD_15337_RV.csv,HD_15337_RV.csv,248,DACE_PUBLIC,DACE,2447813.801,2458809.75354666,-4570.0,-3801.29639665935,False,data/HD_15337_RV.csv
GJ 96,/content/drive/MyDrive/Jana_RV_Archive_1GB/merged_rv_archive/per_target/GJ_96_RV.csv,GJ_96_RV.csv,248,DACE_PUBLIC,DACE,2451581.80346,2458796.98162,-37929.6,12.72,False,data/GJ_96_RV.csv
K2-32,/content/drive/MyDrive/Jana_RV_Archive_1GB/merged_rv_archive/per_target/K2-32_RV.csv,K2-32_RV.csv,247,DACE_PUBLIC,DACE,2457185.6076883,2458363.56927127,-14238.5216819363,-2261.8794090067904,False,data/K2-32_RV.csv
HD 27442,/content/drive/MyDrive/Jana_RV_Archive_1GB/merged_rv_archive/per_target/HD_27442_RV.csv,HD_27442_RV.csv,243,DACE_PUBLIC,DACE,2450831.08155,2455086.92987111,-47.5,29158.5381483834,False,data/HD_27442_RV.csv
HD 66428,/content/drive/MyDrive/Jana_RV_Archive_1GB/merged_rv_archive/per_target/HD_66428_RV.csv,HD_66428_RV.csv,242,DACE_PUBLIC,DACE,2451883.04448,2458820.01945,-89.3,44104.956757243104,False,data/HD_66428_RV.csv
HD 117618,/content/drive/MyDrive/Jana_RV_Archive_1GB/merged_rv_archive/per_target/HD_117618_RV.csv,HD_117618_RV.csv,241,DACE_PUBLIC,DACE,2448375.738,2458696.54008074,-17205.8815956669,22867.2209987486,False,data/HD_117618_RV.csv
HD 219077,/content/drive/MyDrive/Jana_RV_Archive_1GB/merged_rv_archive/per_target/HD_219077_RV.csv,HD_219077_RV.csv,241,DACE_PUBLIC,DACE,2446289.858,2460217.71622402,-31320.0,-30617.1982136802,False,data/HD_219077_RV.csv
HD 20781,/content/drive/MyDrive/Jana_RV_Archive_1GB/merged_rv_archive/per_target/HD_20781_RV.csv,HD_20781_RV.csv,240,DACE_PUBLIC,DACE,2447753.938,2458000.89600755,39690.0,40224.8203571517,False,data/HD_20781_RV.csv
HD 63765,/content/drive/MyDrive/Jana_RV_Archive_1GB/merged_rv_archive/per_target/HD_63765_RV.csv,HD_63765_RV.csv,238,DACE_PUBLIC,DACE,2447194.747,2458587.61546807,22060.0,22770.0,False,data/HD_63765_RV.csv
HD 51608,/content/drive/MyDrive/Jana_RV_Archive_1GB/merged_rv_archive/per_target/HD_51608_RV.csv,HD_51608_RV.csv,231,DACE_PUBLIC,DACE,2446396.81,2458001.92882197,39240.0,39848.409302521504,False,data/HD_51608_RV.csv
UID_0096100_RVC_001.tbl,/content/drive/MyDrive/Jana_RV_Archive_1GB/merged_rv_archive/per_target/UID_0096100_RVC_001.tbl_RV.csv,UID_0096100_RVC_001.tbl_RV.csv,229,NASA_RADIAL,UID_0096100_RVC_001,2453237.75286,2456847.87141,-6.69489726375,4.65386042679,False,data/UID_0096100_RVC_001.tbl_RV.csv
HD 25015,/content/drive/MyDrive/Jana_RV_Archive_1GB/merged_rv_archive/per_target/HD_25015_RV.csv,HD_25015_RV.csv,229,DACE_PUBLIC,DACE,2452187.83154772,2458543.55186909,28463.4681481511,28662.2195686869,False,data/HD_25015_RV.csv
HD 104067,/content/drive/MyDrive/Jana_RV_Archive_1GB/merged_rv_archive/per_target/HD_104067_RV.csv,HD_104067_RV.csv,229,DACE_PUBLIC,DACE,2448266.862,2458834.16406,-20.88,15430.0,False,data/HD_104067_RV.csv
HD 21693,/content/drive/MyDrive/Jana_RV_Archive_1GB/merged_rv_archive/per_target/HD_21693_RV.csv,HD_21693_RV.csv,226,DACE_PUBLIC,DACE,2447194.564,2458001.84586111,39010.0,39790.0,False,data/HD_21693_RV.csv
HIP 116454,/content/drive/MyDrive/Jana_RV_Archive_1GB/merged_rv_archive/per_target/HIP_116454_RV.csv,HIP_116454_RV.csv,225,DACE_PUBLIC,DACE,2456180.51921,2459212.35952485,-3310.12065230491,-3131.9,False,data/HIP_116454_RV.csv
UID_0096441_RVC_003.tbl,/content/drive/MyDrive/Jana_RV_Archive_1GB/merged_rv_archive/per_target/UID_0096441_RVC_003.tbl_RV.csv,UID_0096441_RVC_003.tbl_RV.csv,223,NASA_RADIAL,UID_0096441_RVC_003,2452111.84961,2455846.67537,-181.0599976,89.1699982,False,data/UID_0096441_RVC_003.tbl_RV.csv
GJ 832,/content/drive/MyDrive/Jana_RV_Archive_1GB/merged_rv_archive/per_target/GJ_832_RV.csv,GJ_832_RV.csv,221,DACE_PUBLIC,DACE,2451034.0873,2458849.54224259,-17.7,13314.0401698329,False,data/GJ_832_RV.csv
HD 213885,/content/drive/MyDrive/Jana_RV_Archive_1GB/merged_rv_archive/per_target/HD_213885_RV.csv,HD_213885_RV.csv,220,DACE_PUBLIC,DACE,2448093.867,2459470.78127956,35550.0,36143.87042125979,False,data/HD_213885_RV.csv
HD 166724,/content/drive/MyDrive/Jana_RV_Archive_1GB/merged_rv_archive/per_target/HD_166724_RV.csv,HD_166724_RV.csv,219,DACE_PUBLIC,DACE,2450265.778,2460218.5460885,-56310.3420113715,-17542.9043945948,False,data/HD_166724_RV.csv
GJ 180,/content/drive/MyDrive/Jana_RV_Archive_1GB/merged_rv_archive/per_target/GJ_180_RV.csv,GJ_180_RV.csv,219,DACE_PUBLIC,DACE,2451580.79611,2458788.10538,-14298.8665473356,12.92,False,data/GJ_180_RV.csv
GJ 179,/content/drive/MyDrive/Jana_RV_Archive_1GB/merged_rv_archive/per_target/GJ_179_RV.csv,GJ_179_RV.csv,218,DACE_PUBLIC,DACE,2451580.83131,2458852.84544,-8648.49427296743,57.5,False,data/GJ_179_RV.csv
HD 89307,/content/drive/MyDrive/Jana_RV_Archive_1GB/merged_rv_archive/per_target/HD_89307_RV.csv,HD_89307_RV.csv,218,DACE_PUBLIC,DACE,2450796.7027,2457769.62132,-51.71,28199.0,False,data/HD_89307_RV.csv
GJ 3293,/content/drive/MyDrive/Jana_RV_Archive_1GB/merged_rv_archive/per_target/GJ_3293_RV.csv,GJ_3293_RV.csv,217,DACE_PUBLIC,DACE,2454805.68487732,2457117.50424527,13211.2504528516,13257.0762780396,False,data/GJ_3293_RV.csv
GJ 3470,/content/drive/MyDrive/Jana_RV_Archive_1GB/merged_rv_archive/per_target/GJ_3470_RV.csv,GJ_3470_RV.csv,217,DACE_PUBLIC,DACE,2454807.81199,2459920.83126598,-1934.73,26877.1715687309,False,data/GJ_3470_RV.csv
HD 121504,/content/drive/MyDrive/Jana_RV_Archive_1GB/merged_rv_archive/per_target/HD_121504_RV.csv,HD_121504_RV.csv,216,DACE_PUBLIC,DACE,2447220.909,2458730.48292437,19130.0,19810.0,False,data/HD_121504_RV.csv
HD 156279,/content/drive/MyDrive/Jana_RV_Archive_1GB/merged_rv_archive/per_target/HD_156279_RV.csv,HD_156279_RV.csv,216,DACE_PUBLIC,DACE,2452832.92834,2458645.7964,-21292.2,550.24,False,data/HD_156279_RV.csv
GJ 3138,/content/drive/MyDrive/Jana_RV_Archive_1GB/merged_rv_archive/per_target/GJ_3138_RV.csv,GJ_3138_RV.csv,216,DACE_PUBLIC,DACE,2452945.70534713,2458753.81945205,13056.6981597995,13086.3663892031,False,data/GJ_3138_RV.csv
HD 188015,/content/drive/MyDrive/Jana_RV_Archive_1GB/merged_rv_archive/per_target/HD_188015_RV.csv,HD_188015_RV.csv,216,DACE_PUBLIC,DACE,2451754.89558,2458723.7471,-66.5932,42.2,False,data/HD_188015_RV.csv
UID_0053721_RVC_008.tbl,/content/drive/MyDrive/Jana_RV_Archive_1GB/merged_rv_archive/per_target/UID_0053721_RVC_008.tbl_RV.csv,UID_0053721_RVC_008.tbl_RV.csv,215,NASA_RADIAL,UID_0053721_RVC_008,2449767.91834,2455603.88481,-65.5299987793,75.9400024414,False,data/UID_0053721_RVC_008.tbl_RV.csv
HD 37605,/content/drive/MyDrive/Jana_RV_Archive_1GB/merged_rv_archive/per_target/HD_37605_RV.csv,HD_37605_RV.csv,214,DACE_PUBLIC,DACE,2453002.6715,2456640.95688,-412.1,143.4,False,data/HD_37605_RV.csv
GJ 676 A,/content/drive/MyDrive/Jana_RV_Archive_1GB/merged_rv_archive/per_target/GJ_676_A_RV.csv,GJ_676_A_RV.csv,213,DACE_PUBLIC,DACE,2453917.74799,2459296.922425,-39292.296039595,90.78,False,data/GJ_676_A_RV.csv
GJ 163,/content/drive/MyDrive/Jana_RV_Archive_1GB/merged_rv_archive/per_target/GJ_163_RV.csv,GJ_163_RV.csv,212,DACE_PUBLIC,DACE,2452942.8047752,2459922.79985327,23773.2697142373,58600.832906848,False,data/GJ_163_RV.csv
HD 28185,/content/drive/MyDrive/Jana_RV_Archive_1GB/merged_rv_archive/per_target/HD_28185_RV.csv,HD_28185_RV.csv,211,DACE_PUBLIC,DACE,2448226.701,2459472.90042984,-123.6,50569.1181457294,False,data/HD_28185_RV.csv
HD 106252,/content/drive/MyDrive/Jana_RV_Archive_1GB/merged_rv_archive/per_target/HD_106252_RV.csv,HD_106252_RV.csv,209,DACE_PUBLIC,DACE,2447567.651,2462295.022,-206.7,16040.0,False,data/HD_106252_RV.csv
GJ 480,/content/drive/MyDrive/Jana_RV_Archive_1GB/merged_rv_archive/per_target/GJ_480_RV.csv,GJ_480_RV.csv,209,DACE_PUBLIC,DACE,2454126.69755,2457825.65305,-4774.0,12.77,False,data/GJ_480_RV.csv
HD 18599,/content/drive/MyDrive/Jana_RV_Archive_1GB/merged_rv_archive/per_target/HD_18599_RV.csv,HD_18599_RV.csv,209,DACE_PUBLIC,DACE,2452188.84312411,2461021.63407073,10.3591135750215,209.669160206362,False,data/HD_18599_RV.csv
K2-138,/content/drive/MyDrive/Jana_RV_Archive_1GB/merged_rv_archive/per_target/K2-138_RV.csv,K2-138_RV.csv,208,DACE_PUBLIC,DACE,2458021.57388082,2458365.85767831,413.835714618024,742.194696617392,False,data/K2-138_RV.csv
HD 216437,/content/drive/MyDrive/Jana_RV_Archive_1GB/merged_rv_archive/per_target/HD_216437_RV.csv,HD_216437_RV.csv,206,DACE_PUBLIC,DACE,2448436.922,2459472.61505085,-2660.0,51.7,False,data/HD_216437_RV.csv
HD 20003,/content/drive/MyDrive/Jana_RV_Archive_1GB/merged_rv_archive/per_target/HD_20003_RV.csv,HD_20003_RV.csv,206,DACE_PUBLIC,DACE,2449731.61,2457994.89958635,-16500.0,-16010.0,False,data/HD_20003_RV.csv
UID_0050583_RVC_001.tbl,/content/drive/MyDrive/Jana_RV_Archive_1GB/merged_rv_archive/per_target/UID_0050583_RVC_001.tbl_RV.csv,UID_0050583_RVC_001.tbl_RV.csv,205,NASA_RADIAL,UID_0050583_RVC_001,2452776.107091,2454971.053095,-90.5,455.7,False,data/UID_0050583_RVC_001.tbl_RV.csv
HD 5319,/content/drive/MyDrive/Jana_RV_Archive_1GB/merged_rv_archive/per_target/HD_5319_RV.csv,HD_5319_RV.csv,204,DACE_PUBLIC,DACE,2453014.75563,2458792.71022631,-58.57,362.329521508328,False,data/HD_5319_RV.csv
HD 126614,/content/drive/MyDrive/Jana_RV_Archive_1GB/merged_rv_archive/per_target/HD_126614_RV.csv,HD_126614_RV.csv,203,DACE_PUBLIC,DACE,2445867.456,2458660.74372,-34270.0,60.4,False,data/HD_126614_RV.csv
K2-167,/content/drive/MyDrive/Jana_RV_Archive_1GB/merged_rv_archive/per_target/K2-167_RV.csv,K2-167_RV.csv,203,DACE_PUBLIC,DACE,2457254.59392138,2459909.58035436,-17559.5836492766,-17537.353567816,False,data/K2-167_RV.csv
HD 137496,/content/drive/MyDrive/Jana_RV_Archive_1GB/merged_rv_archive/per_target/HD_137496_RV.csv,HD_137496_RV.csv,203,DACE_PUBLIC,DACE,2458543.9112038,2459447.51526181,-100305750.453737,-2820.42842740745,False,data/HD_137496_RV.csv
HD 150706,/content/drive/MyDrive/Jana_RV_Archive_1GB/merged_rv_archive/per_target/HD_150706_RV.csv,HD_150706_RV.csv,203,DACE_PUBLIC,DACE,2450649.4745,2457821.67293,-17290.1,24.96,False,data/HD_150706_RV.csv
UID_0113357_RVC_005.tbl,/content/drive/MyDrive/Jana_RV_Archive_1GB/merged_rv_archive/per_target/UID_0113357_RVC_005.tbl_RV.csv,UID_0113357_RVC_005.tbl_RV.csv,202,NASA_RADIAL,UID_0113357_RVC_005,2450002.67293,2455846.74056,-71.4648513794,112.006546021,False,data/UID_0113357_RVC_005.tbl_RV.csv
HD 6434,/content/drive/MyDrive/Jana_RV_Archive_1GB/merged_rv_archive/per_target/HD_6434_RV.csv,HD_6434_RV.csv,200,DACE_PUBLIC,DACE,2444625.561,2458738.69257754,22410.0,23850.0,False,data/HD_6434_RV.csv
UID_0053721_RVC_003.tbl,/content/drive/MyDrive/Jana_RV_Archive_1GB/merged_rv_archive/per_target/UID_0053721_RVC_003.tbl_RV.csv,UID_0053721_RVC_003.tbl_RV.csv,200,NASA_RADIAL,UID_0053721_RVC_003,2453313.99225,2453901.64093,-22.7,64.1,False,data/UID_0053721_RVC_003.tbl_RV.csv
BD-08 2823,/content/drive/MyDrive/Jana_RV_Archive_1GB/merged_rv_archive/per_target/BD-08_2823_RV.csv,BD-08_2823_RV.csv,199,DACE_PUBLIC,DACE,2453007.83343,2458216.64531755,53312.4048205323,53368.1,False,data/BD-08_2823_RV.csv
91 Aqr,/content/drive/MyDrive/Jana_RV_Archive_1GB/merged_rv_archive/per_target/91_Aqr_RV.csv,91_Aqr_RV.csv,199,DACE_PUBLIC,DACE,2451744.976,2455894.68,-25946.9934659112,134.7,False,data/91_Aqr_RV.csv
HD 260655,/content/drive/MyDrive/Jana_RV_Archive_1GB/merged_rv_archive/per_target/HD_260655_RV.csv,HD_260655_RV.csv,198,DACE_PUBLIC,DACE,2450839.94362,2460028.5672256,-58077.3428146368,12.86,False,data/HD_260655_RV.csv
HD 208487,/content/drive/MyDrive/Jana_RV_Archive_1GB/merged_rv_archive/per_target/HD_208487_RV.csv,HD_208487_RV.csv,197,DACE_PUBLIC,DACE,2447811.627,2458755.48392115,-27.9,6270.0,False,data/HD_208487_RV.csv
GJ 1214,/content/drive/MyDrive/Jana_RV_Archive_1GB/merged_rv_archive/per_target/GJ_1214_RV.csv,GJ_1214_RV.csv,197,DACE_PUBLIC,DACE,2454993.76749,2458728.57415157,-16.122,25191.6249573271,False,data/GJ_1214_RV.csv
HD 31253,/content/drive/MyDrive/Jana_RV_Archive_1GB/merged_rv_archive/per_target/HD_31253_RV.csv,HD_31253_RV.csv,196,DACE_PUBLIC,DACE,2450838.75189,2458794.93835,-27.93,12232.6,False,data/HD_31253_RV.csv
GJ 625,/content/drive/MyDrive/Jana_RV_Archive_1GB/merged_rv_archive/per_target/GJ_625_RV.csv,GJ_625_RV.csv,195,DACE_PUBLIC,DACE,2450862.14882,2458648.84695,-13017.2,10.31,False,data/GJ_625_RV.csv
UID_0043587_RVC_006.tbl,/content/drive/MyDrive/Jana_RV_Archive_1GB/merged_rv_archive/per_target/UID_0043587_RVC_006.tbl_RV.csv,UID_0043587_RVC_006.tbl_RV.csv,193,NASA_RADIAL,UID_0043587_RVC_006,2453339.04482,2456829.7407,-105.739021079,97.9688437945,False,data/UID_0043587_RVC_006.tbl_RV.csv
HD 190228,/content/drive/MyDrive/Jana_RV_Archive_1GB/merged_rv_archive/per_target/HD_190228_RV.csv,HD_190228_RV.csv,192,DACE_PUBLIC,DACE,2450652.5558,2456892.05641,-50416.0,118.0,False,data/HD_190228_RV.csv
K2-263,/content/drive/MyDrive/Jana_RV_Archive_1GB/merged_rv_archive/per_target/K2-263_RV.csv,K2-263_RV.csv,192,DACE_PUBLIC,DACE,2457379.63238342,2458924.55022442,29805.0160963452,29844.7931545834,False,data/K2-263_RV.csv
